Id,Name,Surname
1,Gwyneth,Paltrow
2,Jude,Law
3,Angelina,Jolie
4,Milla,Jovovich
5,Sienna,Guillory
6,Eric,Mabius
7,Bernie,Mac
8,Angela,Bassett
9,Michael,Rispoli
10,Kirsten,Dunst
11,Paul,Bettany
12,Jon,Favreau
13,Kim,Basinger
14,Chris,Evans
15,Jason,Statham
16,Jet,Li
17,Tony,Leung Chiu-wai
18,Maggie,Cheung
19,Matthew,Lillard
20,Seth,Green
21,Dax,Shepard
22,Tom,Cruise
23,Jamie,Foxx
24,Jada,Pinkett Smith
25,Jon,Heder
26,Efren,Ramirez
27,Jon,Gries
28,Matt,Damon
29,Franka,Potente
30,Joan,Allen
31,Reese,Witherspoon
32,Romola,Garai
33,James,Purefoy
34,Zach,Braff
35,Peter,Sarsgaard
36,Natalie,Portman
37,Cole,Hauser
38,Robin,Tunney
39,Dennis,Farina
40,Anne,Hathaway
41,Callum,Blue
42,Julie,Andrews
43,Morris,Chestnut
44,KaDee,Strickland
45,Eugene,Byrd
46,Josh,Hartnett
47,Diane,Kruger
48,Denzel,Washington
49,Liev,Schreiber
50,Meryl,Streep
51,Stellan,Skarsgård
52,Izabella,Scorupco
53,James,D'Arcy
54,Will,Smith
55,Bridget,Moynahan
56,Bruce,Greenwood
57,Sanaa,Lathan
58,Lance,Henriksen
59,Raoul,Bova
60,Akio,Ôtsuka
61,Atsuko,Tanaka
62,Tamio,Ôki
63,Kevin,Costner
64,Ryan,Reynolds
65,Gal,Gadot
66,Kevin,Kline
67,Ashley,Judd
68,Jonathan,Pryce
69,Halle,Berry
70,Sharon,Stone
71,Benjamin,Bratt
72,Aaron,Eckhart
73,Ben,Kingsley
74,Carrie-Anne,Moss
75,Daniel,Radcliffe
76,Emma,Watson
77,Rupert,Grint
78,Senta,Moses
79,David,Allen Brooks
80,Matt,Price
81,Ethan,Hawke
82,Julie,Delpy
83,Vernon,Dobtcheff
84,Mark,Ruffalo
85,Laura,Dern
86,Peter,Krause
87,Kiefer,Sutherland
88,Tony,Stewart
89,Matt,Kenseth
90,Sandrine,Bonnaire
91,Fabrice,Luchini
92,Michel,Duchaussoy
93,Dennis,Quaid
94,Jake,Gyllenhaal
95,Emmy,Rossum
96,Rory,Culkin
97,Ryan,Kelley
98,Scott,Mechlowicz
99,Hilary,Duff
100,Chad,Michael Murray
101,Jennifer,Coolidge
102,Matthew,Trevannion
103,Mandeep,Dhillon
104,Colin,Farrell
105,Dallas,Roberts
106,Robin,Wright
107,Clive,Owen
108,Malcolm,McDowell
109,Jonathan,Rhys Meyers
110,Anthony,LaPaglia
111,Samara,Lee
112,Miranda,Otto
113,Fionn,Whitehead
114,Barry,Keoghan
115,Mark,Rylance
116,Will,Arnett
117,Maya,Rudolph
118,Bobby,Cannavale
119,T.J.,Miller
120,James,Corden
121,Anna,Faris
122,Idris,Elba
123,Matthew,McConaughey
124,Tom,Taylor
125,Tom,Holland
126,Michael,Keaton
127,Robert,Downey Jr.
128,Brie,Larson
129,Woody,Harrelson
130,Naomi,Watts
131,Charlize,Theron
132,James,McAvoy
133,John,Goodman
134,Sage,Correa
135,Chris,McGinn
136,Steve,Carell
137,Kristen,Wiig
138,Trey,Parker
139,Andy,Serkis
140,Steve,Zahn
141,John,Boyega
142,Anthony,Mackie
143,Algee,Smith
144,Ansel,Elgort
145,Jon,Bernthal
146,Jon,Hamm
147,Makoto,Furukawa
148,Wataru,Hatano
149,Aya,Hirano
150,Chris,Pine
151,Kumail,Nanjiani
152,Zoe,Kazan
153,Holly,Hunter
154,Dane,DeHaan
155,Cara,Delevingne
156,Al,Gore
157,Cory,Booker
158,George,W. Bush
159,Akshay,Kumar
160,Anupam,Kher
161,Bhumi,Pednekar
162,Elizabeth,Olsen
163,Jeremy,Renner
164,Graham,Greene
165,Owen,Wilson
166,Cristela,Alonzo
167,Chris,Cooper
168,Gari,McIntyre
169,Amanda,Leonard
170,Blessin,Giraldo
171,Chris,Pratt
172,Zoe,Saldaña
173,Dave,Bautista
174,Mark,Wahlberg
175,Anthony,Hopkins
176,Josh,Duhamel
177,Kevin,Hart
178,Thomas,Middleditch
179,Ed,Helms
180,Menashe,Lustig
181,Anna,Gansburg Nahmani
182,Ariel,Vaysman
183,Johnny,Depp
184,Geoffrey,Rush
185,Javier,Bardem
186,Will,Ferrell
187,Amy,Poehler
188,Ryan,Simpkins
189,Robert,Pattinson
190,Benny,Safdie
191,Jennifer,Jason Leigh
192,Florence,Pugh
193,Cosmo,Jarvis
194,Paul,Hilton
195,Aubrey,Plaza
196,O'Shea,Jackson Jr.
197,Brendan,Fraser
198,Rachel,Weisz
199,John,Hannah
200,Joey,King
201,Ryan,Phillippe
202,Ki,Hong Lee
203,Callum,Turner
204,Kate,Beckinsale
205,Pierce,Brosnan
206,Kate,Mara
207,Ramón,Rodríguez
208,Tom,Felton
209,Alec,Baldwin
210,Steve,Buscemi
211,Jimmy,Kimmel
212,Salma,Hayek
213,John,Lithgow
214,Connie,Britton
215,Sam,Elliott
216,Laura,Prepon
217,Krysten,Ritter
218,Scarlett,Johansson
219,Kate,McKinnon
220,Zoë,Kravitz
221,Non,
222,Ava,Pickard
223,Kenna,Pickard
224,Anil,Kapoor
225,Arjun,Kapoor
226,Ileana,D'Cruz
227,Elizabeth,Tulloch
228,Christopher,Gorham
229,Paula,Marshall
230,Michael,Fassbender
231,Katherine,Waterston
232,Billy,Crudup
233,Jasen,Wade
234,Heather,Beers
235,Tatum,Chiniquy
236,Rinchen,Khando Choegyal
237,Tenzin,Choegyal
238,Lily,James
239,Jai,Courtney
240,Christopher,Plummer
241,Anaïs,Demoustier
242,Jérémie,Elkaïm
243,Philippe,Laudenbach
244,Brian,Cox
245,Miranda,Richardson
246,John,Slattery
247,Pascal,Cervo
248,Arthur,Igual
249,Fabienne,Babe
250,Benedict,Cumberbatch
251,Thich,Nhát Hanh
252,Pháp,De
253,Bertrand,Tavernier
254,François,Truffaut
255,Jean-Paul,Gaultier
256,Fatoumata,Diawara
257,Ahmed,Ag Kaedi
258,Bassékou,Kouyaté
259,Jesse,Bradford
260,Erika,Christensen
261,Shiri,Appleby
262,Nia,Vardalos
263,John,Corbett
264,Michael,Constantine
265,Mel,Gibson
266,Joaquin,Phoenix
267,Robert,De Niro
268,James,Franco
269,Frances,McDormand
270,Vin,Diesel
271,Asia,Argento
272,Marton,Csokas
273,Alexa,PenaVega
274,Daryl,Sabara
275,Antonio,Banderas
276,Mike,Myers
277,Beyoncé,
278,Stephen,Dorff
279,Natascha,McElhone
280,Stephen,Rea
281,Kate,Bosworth
282,Michelle,Rodriguez
283,Matthew,Davis
284,Matthew,Perry
285,Elizabeth,Hurley
286,Bruce,Campbell
287,Jennifer,Aniston
288,Deborah,Rush
289,Robin,Williams
290,Connie,Nielsen
291,Michael,Vartan
292,Tom,Hanks
293,Tyler,Hoechlin
294,Paul,Newman
295,Dana,Carvey
296,Jennifer,Esposito
297,Harold,Gould
298,Clint,Eastwood
299,Jeff,Daniels
300,Anjelica,Huston
301,Michael,J. Fox
302,Geena,Davis
303,Hugh,Laurie
304,Hayden,Christensen
305,Ewan,McGregor
306,Daveigh,Chase
307,Chris,Sanders
308,Tia,Carrere
309,Samantha,Morton
310,Martin,Lawrence
311,Nancy,O'Dell
312,Paul,Keeley
313,Chris,Rock
314,Matthew,Marsh
315,Adam,Sandler
316,Winona,Ryder
317,John,Turturro
318,Shad,Moss
319,Jonathan,Lipnicki
320,David,Arquette
321,Kari,Wuhrer
322,Scott,Terra
323,Gillian,Anderson
324,Melinda,Murray
325,Julio,Palmaz
326,Al,Pacino
327,Hilary,Swank
328,Eddie,Murphy
329,Jay,Mohr
330,Randy,Quaid
331,Kent,King
332,Anthony,'Treach' Criss
333,Charles,Guardino
334,Jason,Biggs
335,Seann,William Scott
336,Shannon,Elizabeth
337,Nicolas,Cage
338,Penélope,Cruz
339,John,Hurt
340,Sam,Neill
341,William,H. Macy
342,Téa,Leoni
343,Greg,Stebner
344,Woody,Allen
345,John,Tormey
346,Cameron,Diaz
347,Nicole,Kidman
348,John,Leguizamo
349,Ice,Cube
350,Mike,Epps
351,Justin,Pierce
352,Michael,Clarke Duncan
353,David,Morse
354,Tim,Allen
355,Sigourney,Weaver
356,Alan,Rickman
357,Jason,Robards
358,Julianne,Moore
359,Joan,Cusack
360,Bette,Midler
361,Nathan,Lane
362,Stockard,Channing
363,Max,von Sydow
364,Yûki,Kudô
365,Kevin,Spacey
366,Annette,Bening
367,Thora,Birch
368,Jim,Carrey
369,Danny,DeVito
370,Gerry,Becker
371,Taye,Diggs
372,Wilson,Jermaine Heredia
373,Rosario,Dawson
374,Ginnifer,Goodwin
375,Rene,Russo
376,Jerry,O'Connell
377,Garry,Marshall
378,Amy,Smart
379,Keira,Knightley
380,Matthew,Macfadyen
381,Brenda,Blethyn
382,Usher,
383,Chazz,Palminteri
384,Emmanuelle,Chriqui
385,Vincent,Cassel
386,Josh,Hutcherson
387,Jonah,Bobo
388,Lucas,Black
389,John,Cusack
390,Billy,Bob Thornton
391,Donnie,Wahlberg
392,Beverley,Mitchell
393,Franky,G
394,50,Cent
395,Joy,Bryant
396,Adewale,Akinnuoye-Agbaje
397,David,Strathairn
398,George,Clooney
399,Patricia,Clarkson
400,Catherine,Zeta-Jones
401,Rufus,Sewell
402,Kurt,Russell
403,Dakota,Fanning
404,Oded,Fehr
405,Steve,Martin
406,Claire,Danes
407,Jason,Schwartzman
408,Amanda,Peet
409,Uma,Thurman
410,Bryan,Greenberg
411,Peter,Sallis
412,Helena,Bonham Carter
413,Ralph,Fiennes
414,Val,Kilmer
415,Michelle,Monaghan
416,Jodie,Foster
417,Sean,Bean
